Район	Подразделение	Адрес	Тлф1	Тлф2	Тлф3	Должность, звание	ФИО	Тел. начальника	График приема	Дата последней инспекции	Подать заявление через электронную приёмную	Горячая линия МВД по СПб И ЛО	Отчёты о работе УУП , рук-ля ОП, рук-ля УМВД	Новости	Контакты прокуратуры	Контакты УСБ 	Контакты ОНК	Контакты Общественного совета
											для всех ОП	для всех ОП	за прош. период и дата след. отчёта					
Адмиралтейский	1 отдел полиции	190000, ул. Якубовича, 16	573-02-10			Начальник ОП, подполковник полиции	Березин Юрий Витальевич	5730205	пн. 18.00-20.00	21.07.16	https://78.xn--b1aew.xn--p1ai/request_main	573-21-81		1) Прекращено дело о смерти таджикского мальчика Умарали Назарова (изначально супругов с ребенком доставили в 1 оп) - ноябрь 2016: http://www.spbdnevnik.ru/news/2016-10-20/prekrashcheno-delo-o-smerti-umarali-nazarova-v-peterburge/ ; 2) Активистку из 1 оп насильно увезли в психбольницу - сентябрь 2016: https://ovdinfo.org/express-news/2016/09/15/v-sankt-peterburge-aktivistku-iz-policii-nasilno-uvezli-v-psihbolnicu ; 3) В целях патриотического воспитания дети посетили 1 и 2 оп - сентябрь 2016: https://78.мвд.рф/news/item/8471165/ ; 4) В Музей Новороссии пришли оперативники 1 оп - сентябрь 2016: http://www.rosbalt.ru/piter/2016/09/15/1550461.html ; 5) Мать погибшего в Петербурге таджикского мальчика вылетела в Душанбе (изначально супругов с ребенком доставили в 1оп) - ноябрь 2015: http://www.spbdnevnik.ru/news/2015-11-16/mat-pogibshego-v-peterburge-tadzhikskogo-malchika-vyletela-v-dushanbe/ ; 6) Активисты «Молодой Гвардии Единой России»в рамках федерального проекта «Агенты» совместно с 1 оп провели антиалкогольный рейд в Адмиралтейском районе с целью выявления незаконных продаж алкогольной продукции несовершеннолетним. - апрель 2015: http://mger2020.ru/nextday/2015/04/03/80374 ; 				
Адмиралтейский	2 отдел полиции	190068, ул. Садовая, 58	573-02-24			Начальник ОП, подполковник полиции	Конюхов Феликс Николаевич	5730219	пн. 17.00-19.00                         чт. 11.00-13.00	25.07.16	https://78.xn--b1aew.xn--p1ai/request_main	573-21-81		1) В целях патриотического воспитания дети посетили 1 и 2 оп - сентябрь 2016: https://78.мвд.рф/news/item/8471165/ ; 2) Задержали белорусскую мошенницу, ее доставили во 2 оп - май 2016: http://www.fontanka.ru/2016/05/13/014/ ; 3) Арестован гражданин, задержанный за кражи из припаркованных автомобилей 4) Возбуждены уголовные дела в отношении мужчины, в ночь на вторник задержанного сотрудниками полиции за кражи из иномарок, в которые он проникал, разбивая стекла выстрелами из пневматическеого пистолета - декабрь 2015: https://78.мвд.рф/news/item/6900363/ ; 5) Банду клофелинщиц покрывали полицейские и пристав, к делу о клофелинщицах причастны оперативник угрозыска 2 оп - сентябрь 2015: http://nation-news.ru/155893-v-peterburge-bandu-klofelinshhits-pokryivali-politseyskie-i-pristav ;  6) В СПб закрыли бордель, сотрудниками 2 оп была проведена проверка информации, которая поступила от местных жителей одного из районов  города - октябрь 2015: http://pravdevglaza.ru/news_in_russia/7170-v-sankt-peterburge-zakryli-bordel.html ; 				
Адмиралтейский	38 отдел полиции	190013, наб. Обводного канала, 117	573-02-83			ВРИО Начальника ОП, подполковник полиции (05/12/16)	Григорьев Александр Анатольевич     	5730287	пн. 17.00-19.00                     последний    чт.  месяца 11.00-13.00 	25.07.16	https://78.xn--b1aew.xn--p1ai/request_main	573-21-81		1) Неизвестные избили группу Африканцев, один из очевидцев произошедшего обратился в 38-й оп - сентябрь 2015: http://spb.mk.ru/articles/2015/09/28/gruppu-afrikancev-izbili-v-centre-peterburga.html ; 2) Активистка «Солидарности»  была доставлена в 38-е оп для объяснения по содержанию распространяемых листовок - сентябрь 2014: http://www.baltinfo.ru/2014/09/20/Aktivistku-peterburgskoi-Solidarnosti-zabirali-v-politciyu-za-razdachu-listovok-u-metro-450855 ; 3) Задержали двух мигрантов с пистолетом и ножом, досмотр происходил в 38 оп - сентябрь 2014: http://konkretno.ru/2014/09/23/na-fontanke-zaderzhali-dvux-migrantov-s-pistoletom-i-nozhom.html ; 4) Мужчина сбил полицейского, которые пытался проверить у него документы, скрылся с места событий, его объявили в розыск. Позднее его автомобиль был обнаружен, сам водитель отправился в 38 оп - июль 2014: http://ura.ru/news/1052185731 ; 5) Полицейские 38 оп задержали 39-летнего неработающего, у которого был изъят амфетамин - май 2014: https://78.мвд.рф/news/item/2218692/ ;				
Адмиралтейский	77 отдел полиции	190020, наб. Обводного канала, 205	573-03-04			Начальник ОП, подполковник полиции	Даминов Ильгиз Хасанзанович	573-02-99	ср. 17.00-19.00	23.06.16	https://78.xn--b1aew.xn--p1ai/request_main	573-21-81		1) Узбека хотят депортировать из страны за то, что он потребовал от полицейского вернуть его паспорт, сам Джасур утверждает, что полицейский потребовал от него взятку, обещая взамен вернуть паспорт - сентябрь 2016: http://rus.ozodlik.org/a/27998622.html ; 2) Молодая Гвардии ЕР и 77-ое оппроводили совместное мепроприятие с целью борьбы с продажей слабоалкогольных энергетиков -  май 2014: http://mger2020.ru/content/2014/05/19/69273 ; 3) Задержали молодого человека, который попытался сбежать, не заплатив за товар - август 2012: http://www.kp.ru/online/news/1222127/ ; 4) Удальцова оставили в полиции до утра - июль 2012: http://www.ntv.ru/novosti/311178/ ; 				
Василеостровский	16 отдел полиции	199106, ВО, 19 линия, 10	573-04-87			ВРИО начальника ОП, подполковник полиции (05.12.16 до сих пор)	Данилов Сергей Евгеньевич	5730404	вт 18.00-20.00                           чт 18.00-20.00	7.09.16	https://78.xn--b1aew.xn--p1ai/request_main	573-21-81		1) Участников «Марша против ненависти» выпустили из 16 оп - октябрь 2016: https://ovdinfo.org/express-news/2016/10/29/uchastnikov-marsha-protiv-nenavisti-vypustili-iz-ovd ; 2) Житель города осужден за хищение имущества инвалида-колясочника, потерпевшие обращались с заявлением в 16 оп - январь 2016: http://procspb.ru/news/spb/13599-v-vasileostrovskom-rayone-zhitel-goroda-osuzhden-za-hishchenie-imushchestva-invalida-kolyasochnika ; 3) Полиция закрыла бордель, задержанных доставили в 16 оп - октябрь 2015: http://neva.today/news/118758/ ; 4) Полиция  задержала предполагаемого убийцу одессита, и доставила в 16 оп - октябрь 2015: http://odessa-life.od.ua ; 5) Консульство Латвии в Петербурге закидали яйцами, одного из нападавших доставили в 16 оп - июль 2015: http://www.telegraf.lv/news/konsulystvo-latvii-v-peterburge-zakidali-yaicami-video ;  				
Василеостровский	30 отдел полиции	199004, ВО, 8 линия, 69	573-04-14	323-30-02		Начальник ОП, подполковник полиции	Соловьев Николай Николаевич	5730429	пн 16.00-19.00	7.09.16	https://78.xn--b1aew.xn--p1ai/request_main	573-21-81		1) Ограбили профессора журфака СПбГУ, чуть больше часа понадобилось полицейским, чтобы задержать преступников, сотрудники угрозыска 30 отдела полиции заметили троицу на набережной реки Смоленки - октябрь 2016: http://www.dglo.ru/news/2016-10-28/v-peterburge-derzko-ograbili-professora-zhurfaka-spbgu/ ; 2) Сотруднице 30 отделения полиции дали условно за превышение полномочий - март 2016: http://www.fontanka.ru/2016/03/18/081/ ; 3) Участкового судят за избиение лютеранского священника - май 2016: http://www.newsru.com/russia/25may2016/priest.html ; 4) После Дацика из борделя пропали 50 тысяч и iPhone. В 30-м отделе полиции у потерпевшей приняли устное заявление, на основании которого и было возбуждено дело - май 2016: http://www.fontanka.ru/2016/05/18/158/ ; 5) Подростка-путешественника из Мурманска поместили в приют, онпришел в 30 оп и попросил связаться с его матерью - февраль 2016: http://www.tv21.ru/news/2016/02/21/v-sankt-peterburge-podrostka-puteshestvennika-iz-murmanska-pomestili-v-priyut ;				
Василеостровский	37 отдел полиции	199406, ВО, ул. Карташихина, 23	573-04-34	 356-37-02	573-04-34	Начальник ОП,                    майор полиции	Аксенов Сергей Сергеевич	5730435	вт 18.00-20.00                           чт 18.00-20.00	2014	https://78.xn--b1aew.xn--p1ai/request_main	573-21-81		1) Нелегал из Киргизии сбил на Университетской набережной юношу и скрылся, а после пришел с повинной  в 37 оп - ноябрь 2016: http://konkretno.ru/2015/07/09/nelegal-iz-kirgizii-sbil-na-universitetskoj-naberezhnoj-yunoshu-i-skrylsya.html ; 2) Северокорейский дипломат сбежал из Петербурга в Европу через Минск, в 37 оп обратился первый секретарь посольства КНДР в РФ 3) Санкт-Петербургского отделения торгово-экономических отношений Юн Чжон Хо, написав заявление о том, что с 1 июля этого года не видел своего подчиненного – третьего секретаря посольства - июль 2016: https://newdaynews.ru/northwest/572419.html 4) Гражданин пришел с заявлением в 37 оп, заявив, что украли его автомобиль - июль 2016: http://kavtoday.ru/17033 ; 5) Один из задержанных сообщил об избиении в 37 отделе полиции - ноябрь 2015: https://ovdinfo.org/express-news/2015/11/03/odin-iz-zaderzhannyh-soobshchil-ob-izbienii-v-otdele-policii 6) Спецназовец, избивший коллег, попал под амнистию, на почве внезапно возникших личных неприязненных отношений к трем сотрудникам 37-го отдела полиции Управления МВД России по Василеостровскому району, которых подозревал в преступлении, положил их лицом вниз на пол в проход между пассажирскими сидениями, избил ногой и рукой - июнь 2014: https://ok-inform.ru/obshchestvo/proisshestviya/15773-spetsnazovets-izbivshij-kolleg-popal-pod-amnistiyu.html ;				
Василеостровский	60 отдел полиции	199155, ВО, ул. Кораблестроителей, 40-6	351-06-60			Начальник ОП, подполковник полиции	Мишин Илья Владимирович	5730524	пн. 17.00-19.00)	21.06.16	https://78.xn--b1aew.xn--p1ai/request_main	573-21-81		1) УМВД Приморского района предоставляет услуги по добровольной дактилоскопической регистрации - октябрь 2016: http://www.primorsknews.ru/news/2016-10-13/umvd-primorskogo-rayona-predostavlyaet-uslugi-po-dobrovolnoy-daktiloskopicheskoy-registratsii/  ; 2) Дерзкий вор средь бела дня обчистил питерский детсад - октябрь 2016: http://www.ntv.ru/novosti/1669438/ ; 3) В Петербурге гражданка Узбекистана дала взятку участковому - май 2016: http://rustelegraph.ru/news/2016-05-12/V-Peterburge-grazhdanka-Uzbekistana-dala-vzyatku-uchastkovomu-57293/ ; 4) В Василеостровском районе возбуждено уголовное дело в отношении жителя города, подозреваемого в даче взятки сотруднику полиции - февраль 2016: http://procspb.ru/news/spb/13830-v-vasileostrovskom-rayone-vozbuzhdeno-ugolovnoe-delo-v-otnoshenii-zhitelya-goroda-podozrevaemogo-v-dache-vzyatki-sotrudniku-policii ; 5) Мигрант приговорен к штрафу за взятку полицейскому -  сентябрь-октябрь 2015: http://shuum.ru/news/24836 ; 				
Выборгский	19 отдел полиции	194064, Тихорецкий проспект, 14-2	550-19-02			Начальник ОП, полковник полиции 	Григорьев Виталий Викторович	5731064	ср. (четные) 11.00-13.00   ср. (нечетные) 18.00-20.00		https://78.xn--b1aew.xn--p1ai/request_main	573-21-81		1) Петербурженка оставила коляску с 4-месячной дочерью на трамвайной остановке, полиция задержала мать, ее доставили в 19 оп - октябрь 2016: http://sankt-peterburg.glavny.tv/news/32889 ; 2) Петербурженка, запершая детей одних в квартире, объявилась на восьмой день, сотрудникам 19 оп удалось установить родителей - сентябрь 2016: https://riafan.ru/557586-peterburzhenka-zapershaya-detei-odnih-v-kvartire-obyavilas-na-vosmoi-den ; 3) Полицейские 19 отдела раскрыли ограбление автовладелицы - март 2016: https://78.xn--b1aew.xn--p1ai/news/item/7492736/ ; 4) В квартире на Введенской нашли боеприпасы, в результате бытового конфликта, женщину с ножевым ранением ноги доставили в больницу, а мужчину в 19 оп - ноябрь 2015: https://life.ru/t/life78/172051?from=lifenews78.ru 5) Полицейские в Петербурге избили и ограбили мигрантов; сотрудник 19 оп требовал 500 тысяч рублей за прекращение уголовного преследования от задержанного за хранение наркотиков - июль 2014: http://piter.tv/event/policejskie_izbili_ograbili_migrantov_/ ;				
Выборгский	20 отдел полиции	194044, ул. Смолячкова, 15	542-20-02			Начальник ОП, подполковник полиции	Малышев Алексанр Борисович	5425785	ср. (четные) 11.00-13.00,   ср. (нечетные) 18.00-20.00, последняя суббота месяца 11.00-15.00		https://78.xn--b1aew.xn--p1ai/request_main	573-21-81		1) Кандидата «Парнаса» выпустили из 20 оп - июль 2016: http://mr7.ru/articles/135325/ ; 2) Участковый 20 оп избил настоятеля Евангелической лютеранской церкви - май 2016: http://www.spb.aif.ru/incidents/criminal/v_peterburge_uchastkovyy_izbil_nastoyatelya_evangelicheskoy_lyuteranskoy_cerkvi ; 3) Маршруточнику из Киргизии прострелили ногу, мигрант пришел в 20 оп - апрель 2016: http://www.gazeta.spb.ru/1947517-0/ ; 4) Педофил надругался над ученицей четвертого класса, мать обратилась в 20 оп - август 2015: https://nevnov.ru/115652-v-vyborgskom-rajone-pozhiloj-pedofil-zhestoko-nadrugalsya-nad-uchenicej-chetvertogo-klassa ; 5) Сотрудника 20-го отдела полиции подозревают в мошенничестве - май 2015: https://www.zaks.ru/new/archive/view/140071 ; 6) Пьяный начальник двадцатого оп попал в ДПТ - октябрь 2014: https://rrnews.ru/news/u5702/2014/10/21/85741 ; 				
Выборгский	36 отдел полиции	194354, ул. Есенина, 2	553-36-02	573-10-85		Начальник ОП, подполковник полиции	Гаджиханов Расим Шабанович	2936280	ср. (четные) 11.00-13.00   ср. (нечетные) 18.00-20.00	23.06.16	https://78.xn--b1aew.xn--p1ai/request_main	573-21-81		1) Пьяную девушку без штанов нашли на детской площадке в Петербурге, о случившемся поступило соощение от неизвестного в 36 оп - октябрь 2016: https://riafan.ru/560419-pyanuyu-devushku-bez-shtanov-nashli-na-detskoi-ploshchadke-v-peterburge ; 2) В Петербурге полиция ищет мужчину, выставившего на улицу 10-летнего мальчика, мальчика доставили в 36 оп - март 2016: http://www.spbdnevnik.ru/news/2016-03-28/k-politseyskim-na-stantsii--sportivnaya-2--prishel-10-letniy--poteryashka/ ; 3) Налетчик с трубой и молотком был задержан сотрудниками 36 оп - март 2016: https://nevnov.ru/440920-naletchik-s-truboi-i-molotkom-byl-zaderzhan-v-vyborgskom-raione-peterburga ; 4) Полиция отказалась возбуждать уголовное дело в отношении старшего лейтенанта, женщина и ее несовершеннолетние дети оказались в больнице, оказалось, женщина сама "достаточно много ударялась" о части автомобиля полицейских  - декабрь 2015: http://novayagazeta.spb.ru/articles/10074/ ; 5) Неизвестный позвонил дежурную часть 36 оп, сообщив о наличие бомбы в торговом центре - март 2015: http://konkretno.ru/2015/03/21/ukraina-miniruet-peterburg.html ; 				
Выборгский	49 отделение полиции	194362, п. Парголово, ул. Ломоносова, 90		573-11-18	594-84-10	Начальник ОП, майор полиции	Дмитриенко Николай Владимирович	5731119	ср. 11.00-13.00 (чет)                ср. 18.00-20.00 (нечет) Второй обзвон: наоборот, нечётные утром и чётные вечером	23.06.17	https://78.xn--b1aew.xn--p1ai/request_main	573-21-81		1) В ЖК «Северная долина» открыт опорный пункт полиции. Работу в новом пункте будут вести шесть участковых уполномоченных 49 оп - апрель 2016: http://journal.mirkvartir.ru/news/2016/04/20/v-jk-severnaa-dolina-otkrit-opornii-pynkt-policii/ ; 2) Женщина ударила ножом своего сожителя, гражданка была задержана опергруппой 49 оп - март 2016: http://rustelegraph.ru/news/2016-03-21/V-Vyborgskom-raione-28-letnyaya-zhenschina-udarila-nozhom-svoego-sozhitelya-53127/ ; 3) На севере Петербурга надругались над приезжей из Средней Азии, материалы передали в 49 оп - январь 2014: http://konkretno.ru/2014/01/20/na-severe-peterburga-nadrugalis-nad-priezzhej-iz-srednej-azii.html ; 4) Каждый год в ноябре сотрудники органов внутренних дел отмечают свой профессиональный праздник. И каждый год на торжественном собрании традиционно подводятся итоги, награждаются лучшие. Почетной грамотой главы администрации Тихвинского района удостоены главный эксперт 49-го отделения экспертно-криминалистического центра ГУ МВД России по Санкт-Петербургу и Ленинградской области подполковник Михаил Шмаков и начальник отделения делопроизводства и режима тихвинского ОМВД Евгения Скопинцева. - ноябрь 2013: http://tikhvin.spb.ru/11/23027/ ; 5) Мужики решили украсть бетонный забор, они были доставлены в 49 оп - сентябрь 2013: http://mr7.ru/articles/91865/ ; 				
Выборгский	57 отдел полиции	194291, пр. Культуры, 12-3	559-57-02			Начальник ОП, подполковник полиции	Рарыкин Константин Николаевич	5589101              5731128   	ср. 11.00-13.00 (чет), 18.00-20.00 (нечет) последняя суббота месяца 11.00-15.00		https://78.xn--b1aew.xn--p1ai/request_main	573-21-81		1) Николай Валуев на несколько часов потерял сына в Петербурге, он обратился в 57 оп - май 2016: http://runews24.ru/saint-petersburg/31/05/2016/f06e4005510611458eac334444709a8e ; 2) Петербуржцы самостоятельно догнали автоугонщика, сотрудники 57 оп производили осмотр места проишествия - январь 2016: https://ok-inform.ru/obshchestvo/proisshestviya/52996-peterburzhtsy-samostoyatelno-dognali-avtougonshchika-na-ulitse-rudneva.html ; 3) Петербуржец заявил, что его избили в 57 оп - ноябрь 2015: https://life.ru/t/life78/169307?from=lifenews78.ru ; 4) Полиция Петербурга разыскивает пропавшую семиклассницу. Всю информацию просят сообщать в полицию по телефону «02» или в 57 оп - август 2015: http://topspb.tv/news/news82328/ ; 5) В Петербурге ищут 48-летнего совратителя 10-летней девочки, о случившемся заявила петербурженка в 57 оп - апрель 2015: http://www.rosbalt.ru/piter/2015/04/07/1385991.html ; 				
Выборгский	58 отдел полиции	194355, ул. Хо-ши-мина, 8-1	517-58-02			Начальник ОП, подполковник полиции	Ильницкий Владимир Владимирович	5731193	ср. 11.00-13.00 (чет), 17.00-19.00 (нечет)	23.06.18	https://78.xn--b1aew.xn--p1ai/request_main	573-21-81		1) Задержали избирателя, разорвавшего бюллетени для голосования в знак протеста, его доставили в 58 оп - сентябрь 2016: http://www.rosbalt.ru/piter/2016/09/18/1551099.html ; 2) Кандидата от ПАРНАС отпустили через восемь часов после задержания в 58 оп - август 2016: https://ovdinfo.org/express-news/2016/08/29/kandidata-ot-parnas-otpustili-cherez-vosem-chasov-posle-zaderzhaniya-v-sankt ; 3) Санитара больницы оставили без джипа, потерпевший обратился в 58 оп - август 2016: http://www.gazeta.spb.ru/1969020-0/ ; 4) Пресечена деятельность притона для занятий проституцией, двоих мужчин и девять женщин доставили в 58 оп - июнь 2016: https://78.xn--b1aew.xn--p1ai/news/item/7941749/ ; 5) Подросток из Карелии, сбежавший из детдома, заблудился в Петербурге, он обратился в 58 оп - июнь 2016: http://konkretno.ru/2016/06/02/podrostok-iz-karelii-sbezhavshij-iz-detdoma-zabludilsya-v-peterburge.html				
Выборгский	59 отдел полиции	194352, ул. Есенина, 27	517-59-02			Начальник ОП, подполковник полиции	Данилевич Игорь Тадович	5174281	вт 18.00-20.00                           чт 18.00-20.00		https://78.xn--b1aew.xn--p1ai/request_main	573-21-81		1) Возможно, причиной грандиозного пожара в промзоне "Парнас" стал поджог. Об этом пишет "Деловой Петербург" со ссылкой на источники в 59 оп - октябрь 2015: http://www.extrablog.su/news/2015-10-26/ne-samo-zagorelos-na-parnase/ ; 2) В иномарке нашли пистолет и рации, водителя доставили в 59 оп - октябрь 2015:  http://argumenti.ru/crime/2015/10/418451 ; 3) Серийный налетчик, полгода державший в страхе магазины "Юлмарт", сдался полиции  59 отдела - июль 2015: http://www.gazeta.spb.ru/1868773-0/ ; 4) Спасатели уговорили суицидника не прыгать из окна - май 2015: http://www.spb.kp.ru/online/news/2064458/ ; 5) Самые позитивные и негативные районы Петербурга в июле(59 оп минировали) - август 2014: http://neva.today/news/90938/ ; 6) ИКМО № 15 встал стеной на защиту от журналистов (в том числе сотрудники 59 оп препятствовали осуществлению профессиональной деятельности журналистов)  - июль 2014: https://lenizdat.ru/articles/1121984/				
Калининский	3 отдел полиции	195256, Северный проспект, 79	533-03-02			Начальник ОП полковник полиции 	Буров Сергей Валерьевич	5331153	Вт  17.00-20.00, 3-я Сб месяца с 10.00 до 14.00		https://78.xn--b1aew.xn--p1ai/request_main	573-21-81		1) Две девочки сбежали из детского сада. Сотрудники дежурной части 3 отдела полиции получили сообщение о происшествии - август 2016: https://nevnov.ru/456867-dve-devochki-sbezhali-iz-detskogo-sada-na-severnom-prospekte-v-peterburge ; 2) 12-летний мальчик вдохнул неизвестное вещество и попал из 3 отделения полиции в больницу - февраль 2016: https://ok-inform.ru/obshchestvo/proisshestviya/55545-v-peterburge-12-letnij-malchik-vdokhnul-neizvestnoe-veshchestvo-i-popal-iz-politsii-v-bolnitsu.html ; 3) «ПарНаС» подготовил заявление в прокуратуру на сторонников Кадырова. “Посмотрим, слабо ли им привлечь к ответственности людей Кадырова так же, как в прошлом году они полгода за нами посылали оперов из ЦПЭ, участковых 3 отделов полиции, и станут ли они заводить дело об административном правонарушении”, – прокомментировал своё решение Лев Дмитриев в социальной сети “Вконтакте”. - январь 2016: http://bezduhovnosti.com/2016/01/26/%D0%BF%D0%B0%D1%80%D0%BD%D0%B0%D1%81-%D0%BF%D0%BE%D0%B4%D0%B3%D0%BE%D1%82%D0%BE%D0%B2%D0%B8%D0%BB-%D0%B7%D0%B0%D1%8F%D0%B2%D0%BB%D0%B5%D0%BD%D0%B8%D0%B5-%D0%B2-%D0%BF%D1%80%D0%BE%D0%BA%D1%83%D1%80/ ; 4) Не удалось осудить полицейского 3 отдела за избиение задержанного - сентябрь 2015: http://chto-proishodit.ru/news/2015/09/04/47990025303 ; 5) Молодых людей задержаны за кражу алкоголя из гипермаркета, оперативно-разыскные мероприятия проводили 3 и 4 оп - июнь 2015: https://78.xn--b1aew.xn--p1ai/news/item/3531871/ ;				
Калининский	6 отдел полиции	195257, Гражданский проспект, 90-8	533-06-02			Начальник ОП полковник полиции  (28.11.16 ВРИО начальника отдела полиции подполковник)	Морозов Константин Владимирович (Кузин Артем Владимирович)	5339956	 вт. 17.00-19.00		https://78.xn--b1aew.xn--p1ai/request_main	573-21-81		1) Сотрудниками 6 оп раскрыт дерзкий квартирный грабеж - октябрь 2016: https://78.xn--b1aew.xn--p1ai/news/item/8814617/ ; 2) Жительницу Калининского района будут судить за ложный донос о краже, гражданка с заявлением обратилась в 6 оп - октябрь 2016: http://www.kalininnews.ru/news/2016-10-04/zhitelnitsu-kalininskogo-rayona-budut-sudit-za-lozhnyy-donos-o-krazhe/ ; 3) Двое малышей в Петербурге отравились психотропными таблетками, инцидентом заинтересовался 6 оп - октябрь 2016: https://riafan.ru/560098-dvoe-malyshei-v-peterburge-otravilis-psihotropnymi-tabletkami ; 4) В 6 оп пенсионер добровольно сдал нарезное огнестрельное оружие и боеприпасы времён Великой Отечественной войны - март 2016: https://78.xn--b1aew.xn--p1ai/news/item/7477789/ ; 5) Пьяный петербуржец ударил полицейского 6 отдела в лицо - февраль 2016: https://nevnov.ru/437006-pyanyi-peterburzhec-udaril-policeiskogo-v-lico ; 6) Life78 публикует первое видео нападения маньяка-форточника. Насильник-форточник орудует на территории 3 и 6 отделов полиции Калининского района уже более пяти лет - декабрь 2015: https://life.ru/t/life78/177436?from=lifenews78.ru ;   				
Калининский	15 отдел полиции	195265, ул. Лужская, 9	531-15-02			Начальник ОП полковник полиции 	Ковалёв Андрей Рубенович 	-	пн. 17.00-19.00	22.06.16	https://78.xn--b1aew.xn--p1ai/request_main	573-21-81		1) Адвокат заказал бизнесмена капитану полиции - апрель 2016: http://mir24.tv/news/incidentes/14273342 ; 2) Очередное автохищение оказалось ложным - февраль 2016: http://procspb.ru/news/spb/13734-v-kalininskom-rayone-ocherednoe-avtohishchenie-okazalos-lozhnym ; 3) С поличным задержаны участники квартирного разбоя - декабрь 2015: https://78.мвд.рф/news/item/6940452/ ; 4) Сотрудниками полиции задержаны двое злоумышленников, которые в ночь на четверг с целью угона проникли в автомобиль «УАЗ - ноябрь 2014: https://78.мвд.рф/news/item/2833750/ ; 5) На "русской зачистке" в Петербурге задержали около 20 националистов - август 2013: http://www.rosbalt.ru/piter/2013/08/21/1166866.html ; 6) В Петербурге будут судить полицейских и медиков, покрывавших пьяного оперативника-водителя - май 2013: https://www.gazeta.ru/auto/news/2013/05/20/n_2922053.shtml ; 				
Калининский	17 отдел полиции	195276, ул. Демьяна Бедного, 26-Г		559-95-48		Начальник ОП                     майор полиции 	Гужва Евгений Анатольевич	5599549	 вт. 17.00-20.00	30.06.16	https://78.xn--b1aew.xn--p1ai/request_main	573-21-81		1) На Демьяна Бедного брат с сестрой разгромили машину и побили полицейского. Их доставили в 17 оп - октябрь 2016: http://www.fontanka.ru/2016/10/31/088/ ; 2) Задержали троих юных автоугонщиков. Сотрудники уголовного розыска 17 опостановили автомобиль с явными признаками угона - октябрь 2016: https://78.xn--b1aew.xn--p1ai/news/item/8822426/ ; 3) В Петербурге будут судить водителя автобуса, пытавшегося в 17 оп выкупить своего знакомого - июль 2016: http://ianews.ru/articles/83548/ ; 4) Сотрудники предприятий Калининского района попробуют сдать нормы ГТО, в том числе и сотрудники 17 оп - август 2015: https://nevnov.ru/114183-sotrudniki-predpriyatij-kalininskogo-rajona-poprobuyut-sdat-normy-gto ; 5) Сотрудники 17 оп задержали мужчину, который из хулиганских побуждений сообщил о, якобы, заминировании одной из квартир - октябрь 2015: https://78.xn--b1aew.xn--p1ai/news/item/2608766/ ; 				
Калининский	21 отдел полиции	195271, Кондратьевский пр., 87	545-21-02			Начальник ОП подполковник полиции 	Андреев Вячеслав Николаевич	5451257	 вт. 17.00-19.00	22.06.16	https://78.xn--b1aew.xn--p1ai/request_main	573-21-81		1) Полицией 21 отдела задержан гражданин, который не расплатился за топливо на одной из автозаправочных станций - ноябрь 2016: https://78.xn--b1aew.xn--p1ai/news/item/8850584/ ; 2) Похищенный в Петербурге трехлетний ребенок найден (в 21 оп поступило заявление от приемной матери) - сентябрь 2016: https://riafan.ru/559178-pohishchennyi-v-peterburge-trehletnii-rebenok-naiden ; 3) Фанаты Цоя предстанут перед судом за жестокое избиение петербуржца на Богословском кладбище, в 21 оп были доставлены все 15 человек, которые в момент проишествия находились у могилы Цоя - август 2016: http://sankt-peterburg.glavny.tv/news/27752 ; 4) В ГУ МВД прокомментировали инцидент с петербуржцем, у которого забрали 2-летнюю дочь, у 41-летнего петербуржца, который пришел пожаловаться на полицейских в 21 оп, отняли двухлетнего ребенка - май 2016: http://www.fontanka.ru/2016/05/16/130/ ; 5) Неравнодушные прохожие спасли женщину с грудничком, отравившуюся таблетками, местная жительница обратилась в 21 оп - май 2016: http://www.gazeta.spb.ru/1955923-0/				
Кировский	8 отдел полиции	198255, ул. Лени Голикова, 31-2	752-08-02			Начальник ОП, полковник полиции	Мироненков Виталий Евгеньевич	5731391	Пт 11.00-13.00		https://78.xn--b1aew.xn--p1ai/request_main	573-21-81		1) Сотрудниками 8 оп задержан гражданин, который предоставил квартиру для употребления наркотических средств - июнь 2016: http://www.kirnews.ru/news/2016-06-29/borba-s-narkopritonami-v-kirovskom-rayone/ ; 2) Полиция разыскивает злоумышленниц, похитивших крупную сумму денег у 79-летней петербурженки - июнь 2016: https://78.xn--b1aew.xn--p1ai/news/item/8018149/ ; 3) Градозащитники возмущены работой 8 оп - май 2016: http://mr7.ru/articles/132048/ ; 4) Наркодилер дал взятку полицейским, а потом аннулировал платеж - февраль 2016: http://www.spb.aif.ru/incidents/criminal/narkodiller_dal_vzyatku_policeyskim_a_potom_annuliroval_platezh ; 5) Оперуполномоченного 8 отдела полиции Петербурга Александра Свинухова подозревают во взяточничестве - март 2015: http://topdialog.ru/2015/03/25/sotrudnik-ugrozyska-peterburga-vymogal-dengi-u-materi-narkodilera-sk/ ;  				
Кировский	31 отдел полиции	198097, ул. Севастопольская, 50/11	252-07-02			Начальник ОП, полковник полиции	Кириченко Андрей Викторович	5731380	Ср 16.00-20.00 		https://78.xn--b1aew.xn--p1ai/request_main	573-21-81		1) 18-летний мигрант насмерть забил мужчину в торговом центре, вскоре сотрудники 31 оп задержали 18-летнего безработного - сентябрь 2016: http://www.metronews.ru/novosti/v-peterburge-18-letnij-migrant-nasmert-zabil-muzhchinu-v-torgovom-centre/Tpopil---GP_Jba4E6n1vF34CbopSew/ ; 2) Задержан предполагаемый террорист из Узбекистана, его доставили в 31оп - ноябрь 2015: http://www.chaspik.spb.ru/crime/v-peterburge-zaderzhan-predpolagaemyj-terrorist-iz-uzbekistana/ ; 3) Начальник 31 оп получил выговор за подчиненного, задержанного с наркотиком на работе - октябрь 2015: http://www.fontanka.ru/2015/10/14/077/ ; 4) В 31-й отдел полиции Петербурга обратилась 37-летняя женщина и сообщила, что её 33-летний сожитель в течение долгого времени насиловал девочку, полиция задержала мужчину - ноябрь 2015: http://www.chaspik.spb.ru/crime/policiya-zaderzhala-pedofila-nasilovavshego-nesovershennoletnyuyu-dochku-sozhitelnicy/#ixzz4Okk7kF00 				
Кировский	64 отдел полиции	198303, пр. Маршала Жукова, 30-3	573-14-64	757-64-02		Начальник ОП, полковник полиции	Смирнов Леонид Валерьевич	5731450	Пн 18.00-20.00 , второй обзвон: по с 18:30 до 20	23.06.16	https://78.xn--b1aew.xn--p1ai/request_main	573-21-81		1) "Петербургский Бэтмен", спасший женщину: Буду показывать свои награды маме - октябрь 2016: https://life.ru/t/life78/916325/pietierburghskii_betmien_spasshii_zhienshchinu_budu_pokazyvat_svoi_naghrady_mamie ; 2) Автобус с ЛГБТ-активистами едет в 64-й отдел полиции Кировского района Петербурга - май 2016: http://www.rosbalt.ru/piter/2016/05/01/1511386.html ; 3) Посетителей ТРК «Французский бульвар» экстренно эвакуировали - январь 2016: https://nevnov.ru/433853-posetitelej-trk-francuzskij-bulvar-ekstrenno-evakuirovali ;  4) Вор-рецидивист изобличен в краже из коммунальной квартиры и хищении автомобиля - декабрь 2015: https://78.мвд.рф/news/item/6884163/ ; 5) В отношении трех полицейских из Кировского района возбуждено уголовное дело - май 2015: http://polit.neva.today/news/111704/ ;				
Колпинский	39 отдел полиции	196641, Колпинский район п. Металлострой, ул. Центральная, 24		464-02-02		Начальник отдела, подполковник полиции	Шкурко Василий Владимирович	5730606	пн 18.00-20.00                           чт 10.00-12.00		https://78.xn--b1aew.xn--p1ai/request_main	573-21-81		1) Житель Металлостроя заявил в полицию о том, что его избил депутат, в 39 оп приняли заявление - сентябрь 2016: http://www.fontanka.ru/2016/09/25/049/ ; 2) Грабитель с молотком забрал 2 планшета с драгоценностями, группа оперуполномоченных 39 оп отрабатывает комплекс розыскных мероприятий - июль 2016: http://svopi.ru/kriminalnie_novosti/113716 ; 3) Житель обнаружил предмет, похожий на снаряд времен ВОВ. Проверку проводил 39 оп - май 2016: http://www.newskolpino.ru/news/2016-05-17/ekho-voyny-zhitel-poselka-metallostroy-nashel-minametnuyu-minu/ ; 4) Перед судом предстанет жительница города, обвиняемая в совершении преступлений в сфере незаконного оборота психотропных веществ, оперативно-розыскные мероприятия в отношении жительницы городапроводились сотрудниками 39 оп - июль 2015: http://procspb.ru/news/spb/12489-v-kolpino-pered-sudom-predstanet-zhitelnica-goroda-obvinyaemaya-v-sovershenii-prestupleniy-v-sfere-nezakonnogo-oborota-psihotropnyh-veshchestv ; 5) В поселке Металлострой нашли череп ребенка. Проверку по факту обнаружения останков проводит 39 оп - апрель 2015: http://www.gazeta.spb.ru/1830980-0/ ;				
Колпинский	55 отдел полиции	196657, Колпинский район, бульвар Трудящихся, 32	573-06-12	481-02-02		Начальник ОП, полковник полиции	Левашов Артем Валерьевич	-	чт 1,3-ий -17.00-19.00;               чт 2,4-ый 10.00-12.00, второй обзвон 26.12.16 нач в отпуске, принимает зам. по  вт с 11-13		https://78.xn--b1aew.xn--p1ai/request_main	573-21-81		1) Сотрудник 55 отделения полиции попался на взятке - сентябрь 2015: http://kolpino.allnw.ru/news/239491 ; 2) Задержаны семеро нетрезвых хулиганов - октябрь 2014: https://78.xn--b1aew.xn--p1ai/news/item/2642249/ ; 3)Четверо граждан задержаны за незаконное хранение наркотиков (нарядом 55 оп задержана 38-летняя женщина)  - сентябрь 2014: https://78.xn--b1aew.xn--p1ai/news/item/2502313/ ; 4) За сутки два человека выпрыгнули из окон, в 55 оп поступило сообщение от врачей "скорой помощи" - май 2014: http://www.metronews.ru/novosti/v-kolpino-za-sutki-dva-cheloveka-vyprygnuli-iz-okon/Tponez---SMHohhQZj9qK2/ ; 5) Полицейские гонялись со стрельбой за 15-летним угонщиком, позже доставив в 55 оп - январь 2014: http://spbvoditel.ru/2014/01/21/051/ ;				
Колпинский	80 отдел полиции	196655, Колпинский район, ул. Ижорского батальона, 21	573-06-22			ВРИО начальника ОП, капитан полиции	Красавин Андрей Алексеевич	5760625	(05.12.16)                                   пн. 16.00-18.00,                      ср. 12.00-15.00,                             пт. 16.00-18.00   		https://78.xn--b1aew.xn--p1ai/request_main	573-21-81		1) Жителя Колпино задержали после неудачной шутки о захвате автобуса моджахедами, "шутника" увезли в 80 оп - октябрь 2016:  http://www.chaspik.spb.ru/incident/zhitelya-kolpino-zaderzhali-posle-neudachnoj-shutki-o-zaxvate-avtobusa-modzhaxedami-92392/#ixzz4OlhEXgAi ; 2) Гражданину Украины за использование заведомо подложного документа в 80 оп и взятку назначено наказание - декабрь 2015: http://www.newskolpino.ru/news/2015-12-27/grazhdaninu-ukrainy-za-ispolzovanie-zavedomo-podlozhnogo-dokumenta-i-vzyatku-naznacheno-nakazanie-v-vide-7-mesyatsev-lisheniya-svobody-i-shtrafom-v-razmere-150-000-rubley/ ; 3) Подполковник 80 оп стал фигурантом уголовного дела о смертельном ДТП - декабрь 2015: http://topspb.tv/news/news93380/ ; 4) Прокуратура организовала проведение проверки по сообщению жителя города о стае бездомных собак, сообщение поступило в 80 оп - июнь 2015: http://procspb.ru/news/spb/12248-prokuratura-kolpinskogo-rayona-organizovala-proverku-po-soobshcheniyu-o-stae-bezdomnyh-sobak-nahodyashchihsya-vblizi-detskogo-obrazovatelnogo-uchrezhdeniya ; 5) Мужчина хочет привлечь к уголовной ответственности 14-летнего сына, в 80 оп пришел заявитель - февраль 2015: http://newsfordrivers.com/autonews/10328-zhitel-sankt-peterburga-xochet-privlech-k-ugolovnoj-otvetstvennosti-14-letnego-syna-ugnavshego-mitsubishi-outlander.html ; 6) Патруль наткнулся на амфетаминщиков, нарушители были доставлены в 80 оп - август 2014: https://ok-inform.ru/obshchestvo/proisshestviya/kriminal/19703-v-kolpino-patrul-natknulsya-na-amfetaminshchikov.html ;				
Красногвардейский	13 отдел полиции	195426, пр. Передовиков, 3	573-15-84			Начальник ОП, полковник полиции	Монин Артем Валерьевич	5731590	вторник 10.00-12.00, четверг 17.00-19.00	август.16	https://78.xn--b1aew.xn--p1ai/request_main	573-21-81		1) Пятеро оперативников МВД из 13 оп  оказались мошенниками - март 2015: http://www.kp.ru/online/news/1999234/ ;  2) Сотрудники 13 оп задержали похитителя велосипеда  - июль 2014: http://neva.today/news/89868/ ; 3) Сотрудников 13 оп подозревают в избиении и незаконном обыске жилья - май 2014: http://www.rosbalt.ru/piter/2014/05/06/1265295.html ; 4) Мужчина угрожал случайным прохожим игрушечным пистолетом, его доставили в 13 оп - ноябрь 2013: http://www.rosbalt.ru/piter/2013/11/19/1201277.html ; 5) Против «Хрюш» завели уголовное дело. Причиной расследования стал инцидент в питерском универсаме «Народный». Прибывшие на место конфликта сотрудники 13 оп урегулировали ситуацию, задержав, в том числе, нескольких участников «Хрюш» - июль 2012: http://finam.info/news/protiv-hryush-zaveli-ugolovnoe-delo/ ;  				
Красногвардейский	22 отдел полиции	195176, пр. Металлистов, 13	573-16-06			Начальник ОП, подполковник полиции	Каменщиков Никита Владимирович	89990455055       	вт. 10.00-12.00                              чт. 17.00-19.00	2014	https://78.xn--b1aew.xn--p1ai/request_main	573-21-81		1) Около 50 человек задержано сегодня в Санкт-Петербурге в ходе акции "ЛГБТ-Прайд", задержанные находятся в том числе и в 22 оп - июнь 2013: https://ovdinfo.org/express-news/2013/06/29/okolo-50-chelovek-zaderzhano-segodnya-v-sankt-peterburge-v-hode-akcii-lgbt ; 2) Чтобы занять место на парковке, мужчина разбил лопатой стекла чужого автомобиля. его доставили в 22 оп - апрель 2013: http://www.kp.ru/online/news/1404682/ ; 3) Женщина устроила резню на улице, двое в больнице, ее доставили в 22 оп - декабрь 2012: http://mr7.ru/articles/63974/ ;				
Красногвардейский	26 отдел полиции	195030, Ириновский пр., 46	573-16-13			Начальник ОП, полковник полиции	Барановский Анатолий Васильевич	5731617	пн. 17.00-19.00                              	2014	https://78.xn--b1aew.xn--p1ai/request_main	573-21-81		1) За убийство подозреваемого в 26 отделении полиции Санкт-Петербурга полицейского уволили из МВД - ноябрь 2015: http://skandalspb.ru/obschestvo/za-ubiystvo-podozrevaemogo-v-26-otdelenii-politsii-sankt-peterburga-politseyskogo-uvolili-iz-mvd.html  Здесь подробно:  http://paperpaper.ru/otdel/ 26.12.2016 ; 2) Полиция задержала мошенника, пытавшегося выманить у пенсионерки 30 тысяч рублей, его доставили в 26 оп - июль 2014: http://neva.today/news/90588/ ; 3) У станции "Ржевка" в Петербурге дрались двенадцать гастарбайтеров, восьмерых приезжих жоставили в 26 оп - сентябрь 2012: http://www.rosbalt.ru/piter/2012/09/18/1035733.html ; 4) Петербургский школьник-футболист не потерял селезенку, но находится в реанимации. по информации 26 оп, родители мальчика не имеют никаких претензий к друзьям сына не имеют - март 2012: http://mr7.ru/articles/50862/ ; 				
Красногвардейский	52 отдел полиции	195112, Заневский пр., 28-2	573-15-96			Начальник ОП, подполковник полиции	Татаров Андрей Николаевич	5731597	чт. 18.00-20.00                 	август.16	https://78.xn--b1aew.xn--p1ai/request_main	573-21-81		1) 60 человек были задержаны на акции в поддержку "узников Болотной" в Петербурге. По сведениям координаторов, люди находятся в нескольких отделениях – 78, 52-м и 28-м - февраль 2014: http://www.bbc.com/russian/russia/2014/02/140224_manezhnaya_detentions.shtml ; 2) На Дворцовой площади полиция задержала 29 националистов, танцевавших в масках "Поймать удалось 29 человек, их доставили в 52 отдел полиции - ноябрь 2013: http://www.rosbalt.ru/piter/2013/11/04/1195764.html ; 3) Около 50 человек задержано сегодня в Санкт-Петербурге в ходе акции "ЛГБТ-Прайд". По информации координаторки акции задержанные сейчас находятся в 78,52 и 22 отделении полиции - июнь 2013: https://ovdinfo.org/express-news/2013/06/29/okolo-50-chelovek-zaderzhano-segodnya-v-sankt-peterburge-v-hode-akcii-lgbt ; 4) Шестеро хулиганов были задержаны полицейскими и доставлены в 52 оп - ноябрь 2012: http://www.metronews.ru/novosti/v-peterburge-po-prohozhim-streljali-iz-pnevmatiki/Tpolkf---Ke0mVDaydzHc/ ;  				
Красногвардейский	66 отдел полиции	195067, ул. Бестужевская, 59	573-16-20			Начальник ОП, полковник полиции   (25.11.16/05.12.16 ВРИО начальника ОП, подполковник полиции)	Татарских Вадим Борисович   (25.11.16/05.12.16 Федоров Александр Владимирович)	5731026	вт. 10.00-12.00                        чт. 17.00-19.00                                   	21.07.16	https://78.xn--b1aew.xn--p1ai/request_main	573-21-81		1) Сотрудника «Справедливой России» задержали в Петербурге. Вместе с ним в полицию забрали журналиста Андрея Гореликова. Их доставили в 66 оп - апрель 2016: http://mr7.ru/articles/130246/ ; 2) 75-летний отец-профессор подозревается в убийстве сына-доцента Политеха, он был задержан 66 оп - март 2016: http://rostovdrive.ru/v-peterburge-za-ubijstvo-syna-dotsenta-zaderzhan-professor-politeha/ ; 3) Помощник прокурора Красногвардейского района стал жертвой угонщиков, он обратился в 66 оп - ноябрь 2015: http://www.gazeta.spb.ru/1912220-0/ ; 4) Хозяин вечеринки пытался зарезать гостей. задержанного доставили в 66 оп - апрель 2015: http://www.baltinfo.ru/2015/04/07/V-Peterburge-khozyain-vecherinki-pytalsya-zarezat-gostei-487612 ; 5) Владельцы гаражей в Санкт-Петербурге обороняют новые "Рубежи". Владельцы гаражей подали заявление в 66 оп. Карпов подчеркнул, что поначалу сотрудники МВД принимать заявления не хотели и гражданам пришлось прибегнуть к помощи дежурного прокурора по городу - декабрь 2012: https://regnum.ru/news/accidents/1478553.html  				
Красносельский	9 отдел полиции	198320, ул. Бронетанковая, 10-1	741-80-02			Начальник ОП, полковник полиции	Ерофеев Алексей Анатольевич	5735493	ср. 18.30-20.00		https://78.xn--b1aew.xn--p1ai/request_main	573-21-81		1) Подросток воровал шины припаркованного автомобиля, он был доставлен в 9 оп - сентябрь 2013: http://www.rosbalt.ru/piter/2013/09/19/1177600.html ; 2) Полицейскому из Санкт-Петербурга пришлось убить собаку для спасения семьи с ребенком. На семью напала их собственная собака,и женщина обратилась в 9 оп - февраль 2013:  http://www.chaspik.spb.ru/incident/policejskomu-iz-sankt-peterburga-prishlos-ubit-sobaku-dlya-spaseniya-semi-s-rebenkom/ ;				
Красносельский	42 отдел полиции	198206, ул. 2-я Комсомольская, 4		573-55-27		Начальник ОП, подполковник полиции	Бербасов Николай Михайлович	-	ср 18.00-20.00	июнь.16	https://78.xn--b1aew.xn--p1ai/request_main	573-21-81		- 				
Красносельский	54 отдел полиции	198329, ул.Тамбасова, 4	730-45-11	573-55-46		Начальник ОП, подполковник полиции	Плетенец Андрей Алексеевич	5735557	ср  17.00-20.00	июнь.16	https://78.xn--b1aew.xn--p1ai/request_main	573-21-81		1) СК не стал возбуждать дело из-за смерти журналиста. Полиция Петербурга также проводила служебную проверку по факту смерти мужчины. По результатам начальник 54-го отдела полиции получил выговор, девушка-участковая, которая выходила к квартире, но не смогла ее открыть, получила неполное служебное соответствие. Также дисциплинарные взыскания получили дежурные 54-го отдела полиции - июнь 2014: http://www.fontanka.ru/2016/06/30/083/ ; 2) Водитель заявил машину в угон, чтобы скрыть ДТП, он обратился в 54 оп - январь 2015: http://spbvoditel.ru/2015/01/27/044/ ; 3) Дворника подозревают в «заминировании» больницы, в результате проведенных оперативно-розыскных мероприятий опергруппой 54 оп его задержали - январь 2015: http://topdialog.ru/2015/01/13/v-peterburge-dvornika-podozrevayut-v-zaminirovanii-bolnicy-na-avangardnoj-ulice/ ; 4) Прокуратура взяла под контроль дело об исчезновении директора завода «Coca-Cola», изначально в 54 оп поступило обращение о безветном исчезновании Сошнева - декабрь 2014: http://mr7.ru/articles/109122/ ; 5) На "русской зачистке" в Петербурге задержали около 20 националистов - август 2013: http://www.rosbalt.ru/piter/2013/08/21/1166866.html ;				
Красносельский	74 отдел полиции	198332, ул. Доблести, 5	573-55-63			Начальник  ОП, подполковник полиции	Сурмиевич Игорь Александрович	5736641	ср 18.00-20.00	29.06.16	https://78.xn--b1aew.xn--p1ai/request_main	573-21-81		1) В Санкт-Петербурге полицейские задержали безработного, который напал на двух школьников - октябрь 2016: http://kapital-rus.ru/news/333497-v_sanktpeterburge_policeiskie_zaderjali_bezrabotnogo_kotoryi_napal_n/ ; 2) Полиция ищет мужчину, который совершал развратные действия в отношении школьника - июль 2016: https://nevnov.ru/451400-pedofil-razvrashchal-vtoroklassnika-v-krasnoselskom-raione-peterburga ; 3) Полиция разыскивает 10-летнюю девочку - февраль 2016: https://78.мвд.рф/news/item/7296264/ ; 4) Бывшего оперуполномоченного 74-го отдела полиции Санкт-Петербурга признали членом банды - октябрь 2015: http://pravo.ru/review/view/123410/ ; 5) Бывший глава института МВД сообщил в 74 отдел полиции, что лишился своей элитной иномарки - июль 2015: https://nevnov.ru/109899-byvshij-glava-instituta-mvd-lishilsya-svoej-elitnoj-inomarki ; 6) На "русской зачистке" в Петербурге задержали около 20 националистов - август 2013: http://www.rosbalt.ru/piter/2013/08/21/1166866.html ;				
Красносельский	82 отдел полиции	198332, Ленинский пр., 98-1		573-64-10		Начальник ОП, подполковник полиции (24.11.16/05.12.16 ВРИО начальника ОП., ст. лейтенант)	Мишенин Владимир Александрович (24.11.16/05.12.16 Рябицкий Андрей Юрьевич, "Мишенин уже давно не работает" (с))	-	Ср 18.00-20.00 	29.06.16	https://78.xn--b1aew.xn--p1ai/request_main	573-21-81		1) Задержаны подозреваемые в разбойном нападении - апрель 2015: https://78.мвд.рф/news/item/3308926/ ; 2) Против участкового 82 отдела полиции возбуждено уголовное дело по факту ДПТ - октябрь 2014: http://shuum.ru/news/21413 ; 3) На "русской зачистке" в Петербурге задержали около 20 националистов - август 2013:  http://www.rosbalt.ru/piter/2013/08/21/1166866.html ; 4) Задержанных на "Русской зачистке" снова оставили на ночь в отделах полиции из-за ошибок в протоколах - август 2013: https://www.zaks.ru/new/archive/view/114222 ; 5) Выпущенные из полиции активисты "Русской зачистки" поехали фиксировать побои - август 2013: https://www.zaks.ru/new/archive/view/114234 ;				
Красносельский	84 отдел полиции	198264, ул. Тамбасова, 9		573-64-32		начальник ОП, подполковник полиции)	 Патрушев Дмитрий Викторович	5736433	ср 18.00-20.00		https://78.xn--b1aew.xn--p1ai/request_main	573-21-81		-				
Кронштадтский	Дежурная часть ОМВД Кронштадтского района	197760, г. Кронштадт, пр. Ленина, 20	311-02-02			начальник ОП, подполковник полиции	 Сучков Николай Петрович	3113709	1-ый вт. мес. с 17.00 до 20.00, 1-ая сб. мес. с 10.00 до 13.00  	24.06.16	https://78.xn--b1aew.xn--p1ai/request_main	573-21-81		1) В Финском заливе утонул пожилой петербуржец, сообщение поступило в дежурную часть УМВД по Кронштадтскому району - апрель 2012: http://konkretno.ru/2012/04/09/v-finskom-zalive-utonul-pozhiloj-peterburzhec.html ;				
Курортный	50 отделение полиции	197758, г.СПб, п. Песочный, ул.Ленинградская, 52-А	596-87-02			Начальник ОП, майор полиции	Донцов Юрий Сергеевич	5731878	 офиц график пн. 16.00-18.00, но вновь прозвучало что прием возможен в любое время по согласованию	27.06.16	https://78.xn--b1aew.xn--p1ai/request_main	573-21-81		-				
Курортный	81 отделение полиции	197720, г.СПб, Курортный район, г.Зеленогорск, пр.Ленина, 8	433-47-02			Начальник ОП, подполковник полиции	Аскендеров Керим Вагифович	                                                                                          5731868	инф-ия с сайта вт 17-20, чт 10-13   (в дежурной части сообщили что лучше связывать с начальником ОП по телефону перед тем как идти на прием, график не был озвучен) 05.12.16 настаивают на отсутствии графика и необходимости личного солгласования с начальником ОП	27.06.16	https://78.xn--b1aew.xn--p1ai/request_main	573-21-81		1) Прошли профилактические рейды по местам массового отдыха, в т.ч. сотрудниками 81 оп - июнь 2016: http://nia-spb.ru/news/society/3449.html ; 2)В день ВДВ в Петербурге были задержаны ЛГБТ-активисты. В отношении Гаврикова был составлен административный протокол в 81 оп - август 2015: http://www.chaspik.spb.ru/people/v-den-vdv-v-peterburge-byli-zaderzhany-lgbt-aktivisty/ ; 				
Московский	29 отдел полиции	196191, ул. Варшавская, 37-3	573-47-71			Начальник ОП,        майор полиции	Шадиев Руслан Абдурашидович	5734790	вт 10.00-12.00                           вт. 17.00-20.00		https://78.xn--b1aew.xn--p1ai/request_main	573-21-81		1) Трехлетняя петербурженка решила в одиночестве погулять по ночному городу, ее отвезли в 29 оп - сентябрь 2015: https://nevnov.ru/135966-trexletnyaya-peterburzhenka-reshila-v-odinochestve-pogulyat-po-nochnomu-gorodu ; 2) Антифашисты, задержанные на Международном консервативном форуме, вышли на свободу. Девушки провели ночь в 29 оп - март 2015: https://www.zaks.ru/new/archive/view/137713 ; 3) Участковый 29 оп, изъявший паспорт у петербурженки, "не знает" девушку - декабрь 2014: https://www.zaks.ru/new/archive/view/134024 ; 4) Молодые люди ограбили цветочный магазин в День святого Валентина. Воры были доставлены в 29 оп - февраль 2013: http://www.rosbalt.ru/piter/2013/02/14/1094229.html ; 5) 15-летний хулиган расстрелял из травматики припаркованный ВАЗ, его доставили в 29 оп - январь 2013: http://www.spb.aif.ru/society/700724 ; 6) В Московском районе призывника по очереди избивали полицейские в 29 оп и военные в военкомате - ноябрь 2012: http://mr7.ru/articles/62736/ ; 7) Участковый уполномоченный 29 оп задержан по подозрению в похищении человека и вымогательстве - март 2012: http://www.peterburgec.ru/news2025.pl ; 				
Московский	33 отдел полиции	196211, пр. Космонавтов, 21-3	573-47-73		378-67-48	Начальник ОП, подполковник полиции	Волошин Михаил Юрьевич	5734820	пн. 17.00-19.00		https://78.xn--b1aew.xn--p1ai/request_main	573-21-81		1) Неадекватный мужчина избивал женщину у метро, его задержали и доставили в 33 оп - сентябрь 2016: http://informvest.net/other/v-peterburge-neadekvatnyj-muzhchina-izbival-zhenshhin-u-metro-zvezdnaya-2.html ; 2) Милонов заявил, что полиция 33 отдела задержала машину с листовками против него - сентябрь 2013: https://ria.ru/politics/20160913/1476856420.html ; 3) МВД приостановило проверку сотрудника 33-го отделения полиции - апрель 2015: https://munizipal.zaks.ru/archivemo/4838 ; 4) Петербургские борцы с Мадонной снова "штурмуют" суд, они написали заявление в прокуратуру Петербурга и Генеральную прокуратуру РФ с просьбой провести проверку деятельности 33 отделения полиции за срыв сроков по ответу на заявления - декабрь 2012: http://www.rbc.ru/spb_sz/25/12/2012/5592a6169a794719538cddf2 ; 5) Клиентам не понравились расценки на такси, и они решили избить водителя, задержанных доставили в 33 оп - июнь 2012: http://www.kp.ru/online/news/1180012/ ; 				
Московский	51 отдел полиции	196143, ул. Ленсовета, 51-2	573-47-74			Начальник ОП, полковник полиции	Праздничный Александр Александрович	5734847	вт 10.00-12.00                           вт. 17.00-20.00	14.07.16	https://78.xn--b1aew.xn--p1ai/request_main	573-21-81		1) Полицейские 51 отдела подали в розыск на гражданина Таджикистана, который, как предполагается, примкнул к рядам ИГИЛ в Сирии - июль 2015: http://rus.ozodi.org/a/27141086.html ; 2) Вновь найден гараж с угнанными машинами, он был найден в результате совместных оперативных действий 51 отделения полиции Санкт-Петербурга и специалистов охранной компании «Аркан» июнь 2014: http://www.chaspik.spb.ru/crime/v-pitere-vnov-najden-garazh-s-ugnannymi-mashinami/ ; 3) Полицейские 51 оп отправятся в колонию за помощь в разрешении конфликта - февраль 2014: http://www.rosbalt.ru/piter/2014/02/24/1237160.html ; 4) Задержан мужчина, пытавшийся влезть в окно с помощью парковой скамейки, он был доставлен в 51 оп - октябрь 2012: http://www.baltinfo.ru/2012/10/02/Zaderzhan-muzhchina-pytavshiisya-vlezt-v-okno-s-pomoschyu-parkovoi-skameiki-308047 ; 5) Полицию Петербурга проверят на причастность к коду Гитлера. По словам задержанного, он стал свидетелем того, как сотрудники 51-го отдела полиции фотографировали около десятка гастарбайтеров с табличкой в руках с одним и тем же номером - 1488 - август 2011: http://www.newsinfo.ru/news/2011-08-10/policiapiter/759428/ ;				
Невский	10 отдел полиции	192148, ул. Крупской, 30	560-02-02			Начальник ОП, майор 	Поздняков Сергей Иванович	5734949	вт. 16.00-19.00		https://78.xn--b1aew.xn--p1ai/request_main	573-21-81		1) В 10 отделении полиции Петербурга нашли повешенным безрукого свидетеля - июль 2016: https://24smi.org/news/41534-v-peterburge-v-otdelenii-policii-nashli-me_newsya.html и здесь https://life.ru/t/life78/881540/naidiennyi_miortvym_v_otdielie_politsii_biezrukii_invalid_otpravil_proshchalnoie_sms_mamie; 2) Активист: Среди задержанных на народном сходе у "Ломоносовской" - восьмилетние дети и инвалид. В данный момент они находятся с остальными задержанными в 24 и 10 отделениях полиции - сентябрь 2013: http://www.rosbalt.ru/piter/2013/09/21/1178424.html ; 3) "Ауди", сгоревшая в пруду, была угнана; владелец не расстроился(владелец обратился в 10 оп с заявлением о пропаже автомобиля) - сентябрь 2012: http://spbvoditel.ru/2012/09/26/021/ ; 4) Хулиган разбил нос продавщице, егодоставили в 10 оп - август 2012: http://www.rosbalt.ru/piter/2012/08/13/1022161.html; 				
Невский	23 отдел полиции	193231, ул. Дыбенко, 40-2	573-71-12			Начальник ОП, полковник	Колонистов Сергей Валерьевич	5737116	1-ый вт. мес. 17.00-20.00,          1-ая сб. мес. 10.00-13.00		https://78.xn--b1aew.xn--p1ai/request_main	573-21-81		1) В Невском районе руководитель 23 отдела полиции «погорел» на 10 тысячах рублей июнь 2015: https://ok-inform.ru/obshchestvo/proisshestviya/kriminal/37859-v-nevskom-rajone-rukovoditel-23-otdela-politsii-pogorel-na-10-tysyachakh-rublej.html ; 2) Торговец наркотиками хотел зарезать себя прямо в оп, во время проходившего досмотра сотрудником 23 оп - август 2014:  https://rrnews.ru/news/u4973/2014/08/05/70842 ; 3) Навигатор и коллекцию моделей "Советский автопром" украли на парковке торгового центра, автовладелец заявил о случившемся в 23 оп - май 2012: http://spbvoditel.ru/2012/05/23/029/ ; 4) Задержали полицейского 23 оп устроившего скандал в квартире бывшей жены - март 2012: http://topspb.tv/news/news6633/ ; 				
Невский	24 отдел полиции	193315, пр. Большевиков, 59-3	573-57-99			Начальник ОП, полковник	Иванов Евгений Владимирович	-	1-ый вт. мес. 17.00-20.00, 1-ая сб. мес. 10.00-13.00	29.06.16	https://78.xn--b1aew.xn--p1ai/request_main	573-21-81		1) Полиция задержала уличного грабителя - август 2014 : http://neva.today/news/91355/ ; 2) Из гаража в Невском районе похитили женское белье - декабрь 2013: http://spb.mk.ru/news/2013/12/04/955008-iz-garazha-v-nevskom-rayone-pohitili-zhenskoe-bele.html ; 3) Неизвестным изнасилована школьница - октябрь 2012 : http://www.spb.aif.ru/society/698732 ; 4) Внук ограбил свою бабушку - сентябрь 2011 				
Невский	32 отдел полиции	192013, 2-й Рабфаковский пер., 4	573-58-02			Начальник ОП, капитан полиции	Черняев Александр Борисович	-	1-ый вт. мес.  17.00-19.00, 1-ая сб. мес. 10.00-13.00	01.07.16	https://78.xn--b1aew.xn--p1ai/request_main	573-21-81		1) Сотрудники полиции задержали мужчину, который несколько раз ударил нажом своего знакомого - август 2014: neva.today/news/91219/ ; 2) По подозрению в незаконном обороте наркотиков задержан сотрудник полиции - март 2014: http://www.gazeta.spb.ru/1594470-0/ ; 3) У суда был задержан Бондарик, которого полицейские обвинили в курении в неположенном месте и под конвоем пяти сотрудников  доставили предположительно в 32 отделение полиции - сентябрь 2013: https://www.zaks.ru/new/archive/view/115485 ;  4) Сосед расстрелял семейную пару из Азербайджана - октябрь 2012: http://www.rosbalt.ru/piter/2012/10/08/1043578.html ; 5) Задержан полицейский, отпустивший подозреваемого в убийстве гражданина Азербайджана - июль 2012: http://www.utronews.ru/society/000134208027550/ ; 6) Избит водитель автобуса - июнь 2011: http://shuum.ru/news/7836 ;   				
Невский	45 отдел полиции	192076, пр. Рыбацкий, 2	573-58-11	700-45-02		Начальник ОП, полковник полиции	Рошка Геннадий Иванович	5735818	1-ый вт. мес. 17.00-20.00,          1-ая сб. мес. 10.00-13.00		https://78.xn--b1aew.xn--p1ai/request_main	573-21-81		1) Сотрудники 45 отдела полиции в результате оперативной комбинации задержали петербурженку при попытке сбыть предмет, внешне похожий на пистолет, и 13 патронов - июнь 2016: https://78.xn--b1aew.xn--p1ai/news/item/8026718/ ; 2) Сотрудниками 45 оп задержан ранее гражданин, у которого в ходе личного досмотра было обнаружено и изъято наркотическое средство героин - май 2016: https://78.xn--b1aew.xn--p1ai/news/item/7765497/ ; 3) Возбуждено уголовное дело в отношении двух граждан, повредивших припаркованный автомобиль, сотрудники 45 оп задержали подозреваемых - февраль 2016: https://78.xn--b1aew.xn--p1ai/news/item/7277600/ ; 4) Сотрудниками 45 отдела полиции был задержан 21-летний гражданин. В ходе личного досмотра у подозреваемого в нижнем белье было обнаружено и изъято психотропное вещество «амфетамин» - февраль 2016: https://78.xn--b1aew.xn--p1ai/news/item/7175313/ ; 5) Очевидцы уличного грабежа задержали злоумышленника и передали его в 45 оп - январь 2016: https://78.xn--b1aew.xn--p1ai/news/item/7085853/ ;				
Невский	70 отдел полиции	193079, ул. Новоселов, 4	573-71-21			Начальник ОП, подполковник полиции	Джураев Виталий Тошбаевич	5737122	1-ый вт. мес. 10.00-12.00, последняя сб. мес. 10.00-12.00	29.06.16	https://78.xn--b1aew.xn--p1ai/request_main	573-21-81		1) Внучка пыталась задушить свою бабушку - июнь 2016: http://letnews.ru/v-peterburge-vnuchka-pytalas-zadushit-svoyu-80-letnyuyu-babushku/ ; 2) Вор пытался ограбить ночное кафе - июль 2014: http://neva.today/news/89581/ ; 3) В отношении трех петербургских полицейских завели дело о получении взятки - июнь 2014: http://topdialog.ru/2014/06/30/v-otnoshenii-trex-peterburgskix-policejskix-zaveli-delo-o-poluchenii-vzyatki/ ; 				
Невский	75 отдел полиции	193232, пр. Большевиков, 30-5	573-71-11			Начальник ОП, полковник полиции	Грачев Павел Николаевич	-	1-ый вт. мес. с 17 до 19, 1-ая сб. мес. с 10 до 12, 1-ая суббота месяца с 10-00 до 12-00, 		https://78.xn--b1aew.xn--p1ai/request_main	573-21-81		1) Для учеников 9-11 классов Невского района прошли мероприятия по профилактике правонарушений, сотрудник 75 оп осветила права и обязанности несовершеннолетних в стенах образовательного учреждения и вне его - октябрь 2016: http://www.nevnews.ru/news/2016-10-05/dlya-uchenikov-9-11-klassov-nevskogo-rayona-proshli-meropriyatiya-po-profilaktike-pravonarusheniy/ ; 2) Задержан подозреваемый в кражах из квартиры сотрудниками 75 оп - февраль 2016: https://78.xn--b1aew.xn--p1ai/news/item/7254276/ ; 3) Перед судом предстанет гражданин Украины, обвиняемый в управлении автомобилем в состоянии опьянения, после доставления Козубовского в 75 отдел полиции УМВД России по Невскому району Санкт-Петербурга в ходе личного досмотра при нем обнаружено и изъято психотропное вещество – амфетамин - февраль 2016: http://procspb.ru/news/spb/13785-v-nevskom-rayone-pered-sudom-predstanet-grazhdanin-ukrainy-obvinyaemyy-v-upravlenii-avtomobilem-v-sostoyanii-opyaneniya ; 4) Две пенсионерки с улицы Бабушкина подрабатывали на жизнь торговлей наркотиками, сотрудники уголовного розыска пришли на одну из квартир, где изъяли героин - январь 2016: http://www.gazeta.spb.ru/1925177-0/ ; 5) Перед судом предстанет бывший офицер полиции 75 оп, обвиняемый в мошенничестве - сентябрь 2015: http://47-region.ru/news/obshestvo/3547 6)полицейские до смерти забили 15-летнего Никиту Леонтьева, в 2012 году задержанного по подозрению в грабеже. Уже после смерти подростка оправдали, а оперативники получили сроки до 9 лет колонии.  http://paperpaper.ru/otdel/ 26.12.2016				
Петроградский	18 отдел полиции	197110, ул. Петрозаводская, 1/24	573-45-98			Начальник ОП, подполковник полиции	Смирнов Сергей Владимирович	5734600	Вт 17.00-19.00,                     чт 16.00-18.00,                                   посл.сб кажд. мес.	август.16	https://78.xn--b1aew.xn--p1ai/request_main	573-21-81		1) 18 оп по горячим следам раскрыт дерзкий квартирный разбой - октябрь 2016: https://78.xn--b1aew.xn--p1ai/news/item/8705339/ ; 2) Полиция 18 отдела задержала вооруженного водителя на месте ДТП - август 2014: http://neva.today/news/91348/ ; 3) Полиция задержала нетрезвого мужчину, который на улице бросался на прохожих с молотком и ножом. Задержанный доставлен в 18 оп - январь 2014: http://piter.tv/event/V_Peterburge_p_yanij_gonyalsya_za_prohozhimi_s_molotkom_i_nozhom/ ; 4) К рынку на Апраксином дворе свозят спецназ для его защиты, 10 человек были доставлены в 18 оп - октябрь 2013: http://www.gazeta.spb.ru/1459692-0/ ; 5) У учащегося частной школы найден гашиш, юноша был доставлен в 18 оп - сентябрь 2013: http://www.baltpp.ru/a/2013/09/11/U_uchashhegosja_chastnoj_shkoli/ ;				
Петроградский	43 отдел полиции	197101, ул. Б.Монетная, 27	573-44-24	232-43-02		Начальник ОП, подполковник 	Краев Александр Николаевич	5734439	Пн 17-19 и Пт 16-18	2014	https://78.xn--b1aew.xn--p1ai/request_main	573-21-81		1) Задержали активиста с радужным флагом, его доставили в 43 оп - октябрь 2016: http://www.rosbalt.ru/piter/2016/10/30/1563133.html ; 2) Дама донесла на дочь-школьницу, занимавшуюся сексом за стенкой, сообщение поступило в 43 оп - август 2016: http://www.gazeta.spb.ru/1968685-0/ ; 3) Задержанные у Соловецкого камня отпущены из 43 оп - июль 2016: https://ovdinfo.org/express-news/2016/07/13/zaderzhannye-u-soloveckogo-kamnya-otpushcheny-iz-policii ; 4) Четверо неизвестных избили сотрудника ОМОН, потерпевший обратился в 43 оп - ноябрь 2015: http://runews24.ru/saint-petersburg/12112015-V-Peterburge-chetvero ; 5) Арестована петербурженка, грозившаяся взорвать 43оп - июнь 2015: http://piter.tv/event/Arestovana_peterburzhenka_grozivshayasya_vzorvat_otdel_policii_i_glavk_/ ; 				
Петроградский	71 отдел полиции	197198, ул.Мончегорская, 6	573-46-13	230-71-02		Начальник ОП, майор 	Башков Тимур Анатольевич 	5734628	пн 10.00-12.00                          пт 17.00-19.00	август.16	https://78.xn--b1aew.xn--p1ai/request_main	573-21-81		1) Разыскивается злоумышленник, напавший на девушку, с заявлением в 71 оп обратилась сама девушка - октябрь 2016: https://78.xn--b1aew.xn--p1ai/news/item/8764953/ ; 2) Тренер по карате, подравшийся с чемпионкой России, проходит стажировку в 71 оп - сентябрь 2016: https://riafan.ru/559534-trener-po-karate-podravshiisya-s-chempionkoi-rossii-prohodit-stazhirovku-v-policii ; 3) Кусок фасада упал на автомобиль. Сотрудники ЖКХ отреагировали немедленно, автомобилист подал заявление в 71 оп - апрель 2016: http://spbvoditel.ru/2016/04/29/013/ ; 4) Сомнительный бизнесмен обвиняет вратаря «Зенита» в вымогательстве и насилии, материалы для проверки направлены в 71 оп - март 2016: https://ufirms.ru/news/russia/somnitelniy-biznesmen-obvinyaet-vratarya-zenita-v-vimogatelstve-i-nasilii.html ; 5) Суд рассмотрит уголовное дело в отношении полицейского 71 отдела, обвиняемого в разбое - март 2016: http://www.rapsinews.ru/judicial_news/20160316/275636097.html ;				
Петродворцовый	46 отделение полиции	198515, г.СПб, Петродворцовый район, п. Стрельна, Фронтовая ул., 8-А	573-53-10			Начальник ОП, подполковник полиции	Ботвин Владимир Владимирович	5735320	пн. 17.00-18.00, 	24.06.16	https://78.xn--b1aew.xn--p1ai/request_main	573-21-81		1) Двух активистов ЛДПР задержали и везут в 46 оп - март 2012: http://www.fontanka.ru/2012/03/28/107/ ; 2) Задержан участковый 75-го оп Д.Иванов, лейтенант полиции, он признался, что в 46-м оп жестоко избил подростка - январь 2012: http://www.timesru.com/russia/2012/1/23/170417/1 ;				
Петродворцовый	85 отдел полиции	198412, г.СПб, Петродворцовый район, г. Ломоносов, Швейцарская ул., 17	573-53-02			ВРИО начальника ОП, майор полиции	Магеррамов Байрам Раваимович	-	запись на прием в канцелярии. прием с пн по пт	24.06.16	https://78.xn--b1aew.xn--p1ai/request_main	573-21-81		1) Участковый задержал мужчину с амфетамином - октябрь 2016: https://78.мвд.рф/news/item/8708088/  ;  2) Полицией задержан злоумышленник, похищавший вещи из камер хранения магазинов - сентябрь 2016: https://78.мвд.рф/news/item/8572563/ ; 3) Петербургский оперуполномоченный спас тюлененка - апрель 2016: http://informvest.net/society/v-lomonosove-mestnyj-uchastkovyj-spas-so-ldiny-umirayushhego-tyulenya.html ;  4) В Петродворце трех полицейских подозревают в попытках «кошмарить» фирму - февраль 2016: http://www.fontanka.ru/2016/02/03/112/  ; 5) В Петродворцовом районе выбрали лучшего участкового - сентябрь 2015: http://www.pd-news.ru/news/2015-09-18/v-petrodvortsovom-rayone-vybrali-luchshego-uchastkovogo/ ;				
Приморский	25 отдел полиции	197374, ул. Беговая, 9-1		344-08-00		Начальник ОП, полковник	Смирнов Андрей Михайлович	-	Пн 17.00-20.00	26.06.16	https://78.xn--b1aew.xn--p1ai/request_main	573-21-81		1) Задержали мужчину, воровавшего металлические ограды с могил - март 2014: http://www.gazeta.spb.ru/1598377-0/ ; 2) За три месяца «обчищено» 16 домов - декабрь 2012: http://www.spb.aif.ru/society/685242 ;				
Приморский	34 отдел полиции	197343, ул. Омская, 3	573-60-28			Начальник ОП, майор полиции	Назаров Кирилл Борисович	-	пн. 16.00-18.00, повторный обзвон: в пн. с 16:00 до 20:00	26.06.16	https://78.xn--b1aew.xn--p1ai/request_main	573-21-81		1) Мужчина выстрелил из травматики в собутыльника - апрель 2014: http://www.gazeta.spb.ru/1613088-0/ ; 2) Мужчина угнал такси, но был заблокирован внутри автомобиля, где его и нашли полицейские - декабрь 2013: http://www.gazeta.spb.ru/1530913-0/ ; 3) Мужчина позвонил в полицию, заявив, что жизни губернатора угрожает опасность - сентябрь 2013: http://www.rosbalt.ru/piter/2013/09/30/1181666.html ; 4) В оп не были доставлены документы, разрешающие вырубку деревьев в Удельном парке - ноябрь 2011:  https://regnum.ru/news/ecology/1463235.html ; 				
Приморский	35 отдел полиции	197348, ул. Генерала Хрулева, 15	573-59-72			Начальник ОП, полковник полиции	Яванский Николай Николаевич	5735976	пн. 17.00-19.00		https://78.xn--b1aew.xn--p1ai/request_main	573-21-81		1) Сержанту 35 отделения полиции предъявлено обвинение в незаконном обороте наркотиков - апрель 2016: http://rweek.ru/2016/04/07/serzhantu-policii-predyavleno-obvinenie-v-nezakonnom-oborote-narkotikov/ ; 2) Мошенник, представившийся "следователем 35 оп" задержан за вымогательство откупных при ДТП - декабрь 2015: http://argumenti.ru/crime/2015/12/427906 ; 3) Девушку завербованную ИГИЛ, ищут в Петербурге, отец разыскиваемой подал заявление в 35 оп - декабрь 2015: http://rostovdrive.ru/24-letnyuyu-peterburzhenku-stomatologa-zaverboval-igil/ ; 4) Два петербуржца предстанут перед судом по обвинению в драке с полицейскими - август 2015: http://topdialog.ru/2015/08/28/dva-peterburzhca-predstanut-pered-sudom-po-obvineniyu-v-drake-s-policejskimi/ ; 5) Сотрудники 35 оп выбивая показания из жителя Карелии, отбили ему почку - май 2014: http://rk-press.ru/a/8616 ;				
Приморский	44 отдел полиции	197371, пр. Королева, 36/8	573-59-90			Начальник ОП, полковник полиции	Панкевич Алексей Константинович	3472751	Пн 17.00-20.00		https://78.xn--b1aew.xn--p1ai/request_main	573-21-81		1) В городском суде Петербурга начались слушания по делу лже-спецназовцев - сентябрь 2016: http://crimerussia.ru/organizedcrime/v-gorodskom-sude-peterburga-nachalis-slushaniya-po-delu-falshivykh-spetsnazovtsev/ ; 2) "Парковка хорошо, а со стрелком лучше" - февраль 2016: http://www.fontanka.ru/2016/02/08/026/ ; 3) В больнице Петербурга от травм умер задержанный полицией мужчина, в 44 оп ведет проверку следственный комитет - январь 2016: http://rus.ozodi.org/a/27515960.html ; 4) Сотрудники 44 оп бегали за угонщиками в течение нескольких минут, задержав 34-летнего жителя Великого Новгорода - декабрь 2015: http://www.fontanka.ru/2015/12/17/028/ ; 5) Отчаянный побег из 44 полицейского участка - сентябрь 2015: http://vz.ua/news/44455-otchayannyy-pobeg-iz-politseyskogo-uchastka ;				
Приморский	53 отдел полиции	197373, ул. Ильюшина, 18-А		348-48-02		Начальник ОП, полковник полиции	 Ерёмин Евгений Дмитриевич	3484801	Пн с 17.00-20.00	26.06.16	https://78.xn--b1aew.xn--p1ai/request_main	573-21-81		1) В перестрелке пострадал один человек, полиция задержала участников - август 2016: http://www.dp.ru/a/2016/08/07/V_Peterburge_v_perestrelk/ ; 2) Пенсионерку месяц держали в заложниках из-за квартиры - июль 2015: http://nation-news.ru/130461-peterburgskuyu-pensionerku-mesyats-derzhali-v-zalozhnikah-iz-za-kvartiryi ; 3) ФСБ задержала в Петербурге замначальника полиции - февраль 2015: http://www.specletter.com/news/2015-02-12/82664.html ; 4) Активиста "Русской пробежки" задержали полицейские - август 2013: http://www.rosbalt.ru/piter/2013/08/07/1161835.html ; 5) В 53 отделении полиции скончался 31-летний мужчина, задержанный за мелкое хулиганство - май 2013: http://topspb.tv/news/news19277/ ; 6) Активистки общероссийской партии "Воля" провели шествие и митинг "против полицейского произвола" - февраль 2013: https://regnum.ru/news/polit/1626087.html ; 7) Александра Расторгуева отправили назад в 78-е отделение из-за неправильно оформленных документов - март 2012: http://www.rosbalt.ru/piter/2012/03/26/961599.html ; 				
Приморский	86 отдел полиции	197349, ул. Маршала Новикова, 4-3	573-60-00			Начальник ОП, подполковник	Чернышев Геннадий Геннадьевич	5736007	пн 17.00 – 20.00		https://78.xn--b1aew.xn--p1ai/request_main	573-21-81		1) Задержан «вор в законе» Зура Кахетинец, его доставили в 86 оп - январь 2016: http://www.fontanka.ru/2016/01/19/041/ ; 2) Полицейский 86 оп получил 14 лет колонии строгого режима - декабрь 2015: https://nevnov.ru/432886-policejskij-sankt-peterburga-poluchil-14-let-kolonii-strogogo-rezhima ; 3) Сотрудник «Ленты» "пошутил" о готовящемся в метро теракте, проверку проводили сотрудники 86 оп - ноябрь 2015: https://life.ru/t/life78/172542?from=lifenews78.ru ; 4) Сотрудников 86 оп, которые в День участкового вели профилактическую беседу с проституткой, заподозрили в изнасиловании - ноябрь 2015: http://www.newsru.com/crime/19nov2015/2polrapeputaspb.html ; 5) Полицейские со стрельбой задерживали угонщика, нарушителя задержали и доставили в 86 оп - май 2015: http://saint-petersburg.ru/m/society/avanov/336785/ ;				
Пушкинский	Дежурная часть ОМВД по Пушкинскому району	196600, г. Пушкин, ул. Пушкинская, 36	573-18-90	470-02-02		Начальник, майор	Матвейчук Владимир Георгиевич	-	9.00-18.00 каждый день либо позвонить по тел. 5731948 и уточнить	21.06.16	https://78.xn--b1aew.xn--p1ai/request_main	573-21-81		1) За прошедшую неделю в дежурную часть ОМВД по Пушкинскому району поступило 566 сообщений граждан, по 20 из них возбуждены уголовные дела, 9 преступлений - раскрыто - ноябрь 2016: http://www.pushkin-news.ru/news/2016-11-21/v-shusharakh-zafiksirovano-2-razboynykh-napadeniya/ ; 2) Сотрудники ДПС Пушкинского ОГИБДД задержали в Славянке преступника - ноябрь2016: http://www.pushkin-news.ru/news/2016-11-18/sotrudniki-dps-pushkinskogo-ogibdd-zaderzhali-v-slavyanke-prestupnika/ ; 3) В Пушкинском районе активно промышляют мошенники, просьба сообщать опроишествиях в дежурную часть - октябрь 2016: http://www.gorodpushkin.ru/news/1400363 ; 4) В Шушарах неизвестные ограбили сейф и избили сторожа - сентябрь 2016: http://www.gorodpushkin.ru/news/1380659 ; 5) В Пушкинском районе задержан педофил - август 2015: http://piterets.ru/proishestviya/11472-v-pushkinskom-rayone-zaderzhan-pedofil.html ;				
Пушкинский	131 территориальный пункт полиции	196620, Пушкинский район, г.Павловск, ул.Госпитальная, 17	452-20-26	465-10-49							https://78.xn--b1aew.xn--p1ai/request_main	573-21-81		1)Бывший полицейский требует компенсации за арест и пытки, он утверждает, что во время ареста его пытали бывшие колеги - март 2015: http://www.fontanka.ru/2015/03/11/073/				
Фрунзенский	5 отдел полиции	192007, наб.Обводного канала, 48	766-11-02			Начальник ОП, подполковник полиции	Турчин Андрей Павлович	5737999	Ср 18.00-20.00	2014	https://78.xn--b1aew.xn--p1ai/request_main	573-21-81		1) Главу украинской неканонической церкви оштрафовали по «закону Яровой»(изначально его доставили в 5 оп) - август 2016: https://meduza.io/news/2016/08/29/v-peterburge-glavu-ukrainskoy-nekanonicheskoy-tserkvi-privlekli-po-zakonu-yarovoy ;				
Фрунзенский	7 отдел полиции	192283, ул. Малая Балканская, 48	776-72-02			Начальник ОП, полковник полиции	Бобров Алексей Михайлович	5737047	Ср 18.00-20.00	2014	https://78.xn--b1aew.xn--p1ai/request_main	573-21-81		1) Полицейский автомобиль насмерть сбил пенсионерку. Сотрудник 7 оп находясь за рулём служебного автомобиля УАЗ сбил женщину - июнь 2015: http://spb.adlr.ru/articles/news_spb.php?id=63382 ; 2) Экипаж спецроты ДТП задержал угонщика за 20 минут. Злоумышленник был доставлен в 7 отделение полиции для дальнейшего разбирательства - август 2014: http://ianews.ru/articles/52926/ ; 3) Петербургская полиция ответит за задержание матери-одиночки. Прокуратура Петербурга требует открыть уголовно-процессуальные производства против работников 7 оп, которые на протяжении нескольких часов держали в камере маму-одиночку, и таким образом, оставили в опасности ее троих детей - апрель 2014: http://www.vladtime.ru/kriminalnie_novosti/365853-peterburgskaya-policiya-otvetit-za-zaderzhanie-materi-odinochki.html ; 				
Фрунзенский	12 отдел полиции	192241, ул. Пражская, 35	360-40-02			Начальник ОП, полковник полиции	Павловец Андрей Валерьевич	5736364	Ср 18.00-20.00	2014	https://78.xn--b1aew.xn--p1ai/request_main	573-21-81		1) Вор вскрыл банкомат в торговом комплексе, его доставили в 12 оп - май 2014: http://www.rosbalt.ru/piter/2014/05/30/1274963.html ; 				
Фрунзенский	14 отдел полиции	192281, ул. Купчинская, 10-1	776-41-02			Начальник ОП, полковник полиции	Зеленков Федор Иванович	5737040	Ср 17.00-20.00	август.16	https://78.xn--b1aew.xn--p1ai/request_main	573-21-81		- 				
Фрунзенский	27 отдел полиции	192071, ул. Будапештская, 44-2	360-04-02			Начальник ОП, полковник полиции	Поляков Виктор Сергеевич	-	Ср 17.00-19.00	август.16	https://78.xn--b1aew.xn--p1ai/request_main	573-21-81		1) Сотрудники 27 оп задержали двух активистов движения "Солидарность" - сентябрь 2015: http://rus.ozodi.org/a/27268165.html ; 2) Задержанному на вчерашнем митинге в поддержку Алексея Навального дизайнеру газеты "Деловой Петербург" Андрею Фатееву грозит обвинение в организации несогласованного митинга, из 76 оп его перевезли в 27 отдел - июль 2013: https://lenizdat.ru/articles/1113422/ ; 3) После аварии с участием школьного экскурсионного автобуса во Фрунзенском районе Петербурга, в больнице остаются водитель и один ребенок. Остальные  дети отправлены домой. Чтобы не осматривать пострадавших на улице, группа в сопровождении врачей переместились в 27 отделение полиции, расположенное вблизи места происшествия - ноябрь 2011: http://saint-petersburg.ru/m/accidents/old/306654/ ; 4) Очередная "Стратегия-31": скучно было не всем. Бывшему политзаключенному, главе организации заключенных России, активисту "Другой России" обещают 318 статью УКРФ и уже везут в 27 отделение полиции - июнь 2011: http://saint-petersburg.ru/m/politics/old/302549/ ; 				
Центральный	28 отдел полиции	191011, ул. Марата, 79	573-50-58			Начальник ОП, майор полиции 	Шабанов Алексей Михайлович 	5735059	Пн с 17.00-19.00	22.07.16	https://78.xn--b1aew.xn--p1ai/request_main	573-21-81		1) Участковый 28 оп задержал неработающего гражданина, подозреваемого в незаконном хранении наркотиков и использовании заведомо подложного документа - октябрь 2016: https://78.мвд.рф/news/item/8825643/ ; 2) Женщина вынесла из магазина одежды 42 вещи, ее задержал участковый 28 оп - октябрь 2016: http://www.dglo.ru/news/2016-10-04/42-letnyaya-peterburzhenka-vynesla-iz-magazina-odezhdy-42-veshchi/ ; 3) Сотрудники 28 оп задержали злоумышленника, который похитил несколько сотовых телефонов - сентябрь 2016: http://www.news-centre.ru/news/2016-09-20/zaderzhan-podozrevaemyy-v-krazhe-iz-ofisa-yuridicheskoy-firmy-na-ligovskom-prospekte/ ; 4) Состоялось выездное заседание Координационного совета по вопросам семьи и детства и Межведомственной группы по координации деятельности и оперативного решения возникающих вопросов по предупреждению социального сиротства и оказанию своевременной помощи семьям, оказавшимся в трудной жизненной ситуации; в нем принял участие инспектор по делам несовершеннолетних 28 оп - сентябрь 2016: http://www.news-centre.ru/news/2016-09-28/v-prioritete---mery-sotsialnoy-podderzhki-semey/#ad-image-0 ; 5) Сотрудники 28 оп задержали женщину, которая в ходе ссоры ударила ножом своего мужа - сентябрь 2016: http://www.news-centre.ru/news/2016-09-12/grazhdanka-zaderzhana-za-ranenie-supruga/ 				
Центральный	76 отдел полиции	191024, ул. Мытнинская, 3	573-49-10			Начальник ОП, подполковник полиции 	Данилов Сергей Евгеньевич	-	вт, Пт с 15.00 до 19.00	21.07.16	https://78.xn--b1aew.xn--p1ai/request_main	573-21-81		1) Раскрыта кража брендовой сумки из бутика на Невском проспекте, участковый 76 оп за совершение данного преступления задержал гражданина - октябрь 2016: http://www.news-centre.ru/news/2016-10-13/raskryta-krazha-brendovoy-sumki-iz-butika-na-nevskom-prospektk/ ; 2) Председателя и бухгалтера правозащитной организации «Гражданский контроль» вызвали в 76 оп - октябрь 2016: http://www.rosbalt.ru/piter/2016/10/12/1558064.html ; 3) Активистов, собиравшихся катить бочку на Смольный, задержала полиция 76 отдела - сентябрь 2016: http://www.rosbalt.ru/piter/2016/09/13/1549819.html ; 4) «Лимоновцы» забросали краской консульство Украины в Петербурге, после атаки на консульство Тишина и еще одного активиста доставили в 76 оп - сентябрь 2016: https://regnum.ru/news/society/2181971.html ; 5) Совершено нападение на главу юридической конторы Гессена, адвокат написал заявление о случившемся в 76 оп - июль 2016: http://www.dp.ru/a/2016/07/14/V_Peterburge_napali_na_ad/ ;   				
Центральный	78 отдел полиции	191014, ул. Чехова, 15	573-51-00			Начальник ОП, подполковник полиции	Кубанцев Вадим Юрьевич	5735107	Вт 10-12, пт 16-19	22.07.16	https://78.xn--b1aew.xn--p1ai/request_main	573-21-81		1) Деятельность притона для занятий проституцией пресекла полиция 78 отделения  - октябрь 2016: http://www.metronews.ru/novosti/na-naberezhnoj-reki-fontanki-v-peterburge-zakryli-bordel/Tpopjz---RKTg97mA7yarokk5_J3fQQ/ ;  2) Полицией 78 отделения задержан гражданин, подозреваемый в попытке сбыта наркотиков - сентябрь 2016: https://78.мвд.рф/news/item/8621932/ ; 3) Кандидат в ЗакС Семенов пожаловался в 78 оп на членов УИК № 2190 - сентябрь 2016: https://www.zaks.ru/new/archive/view/159351 ; 4) Доску Маннергейму в Петербурге забросал краской активист «Другой России», он находится в 78 оп - сентябрь 2016: http://www.rosbalt.ru/piter/2016/09/08/1548598.html ; 5) На акции памяти трагедии в Беслане задержали активистку, задержанную отвезли в 78 оп - сентябрь 2016: http://www.fontanka.ru/2016/09/03/093/ ; 6) Начальнику 78 оп предстоит разобраться с жалобами на кафе «Форест» на набережной Фонтанки - июль 2016: http://businessfm.spb.ru/novosti/peterburzhcy-trebujut-tishiny ;				
Полиция на транспорте									Подчинение 									
Метрополитен	1 отдел полиции	196158, шоссе Московское, 48	726-54-85			Начальник ОП, подполковник полиции	Бадзгарадзе Давид Вячеславовчич	-	Управление полиции на Петербургском метрополитене	подчиняется ГУ МВД по СПб и ЛО		Дополнительно: полиция автовокзала на набережной обводного канала 36 подчинается напрямую УМВД по Фрунзенскому району ( информация подтверждена в дежурной части УМВД по Фр. району)						
	2 отдел полиции	191036, ул. 1-я Советская, 8	717-16-19			Начальник ОП, полковник полиции	Трошев Евгений Викторович	-	Управление полиции на Петербургском метрополитене	подчиняется ГУ МВД по СПб и ЛО								
	3 отдел полиции	199155, ул. Одоевского, 29	301-98-16			Начальник ОП, подполковник полиции	Отмахов Михаил Анатольевич	-	Управление полиции на Петербургском метрополитене	подчиняется ГУ МВД по СПб и ЛО								
Линейные отделы полиции	ЛПП Рыбацкое	-	-			сообщили что начальника и ВРИО в ЛПП Рыбацкое на данный момент нет..	-	-	Санкт-Петербургское линейное управление МВД России на транспорте									
	ЛПП Шушары	-	-			сообщили что во всем Витебском линейном отделе начальник только один ( нет начальников ЛПП), подполковник полиции	Колупаев Иван Игоревич	-	Санкт-Петербург-Витебский линейный отдел МВД России на транспорте									
	ЛПП Царское село	-	4665742			сообщили что во всем Витебском линейном отделе начальник только один ( нет начальников ЛПП), подполковник полиции	Колупаев Иван Игоревич	-	Санкт-Петербург-Витебский линейный отдел МВД России на транспорте									
	ЛПП Ораниенбаум	-	4363698			Начальник ЛПП, подполковник полиции	Горюнов Евгений Владимирович	-	Санкт-Петербург-Балтийский линейный отдел МВД России на транспорте									
	ЛПП Удельная	-	-			Начальник ЛПП, капитан полиции	Афанасьев Юрий Александрович	-	Санкт-Петербург-Финляндский линейный отдел МВД России на транспорте									
	ЛПП Зеленогорск	-	-			сообщили, что на данный моментр начальник  ЛПП на больничном, после выхода из него он уходить на пенсию, замены пока нет	-	-	Санкт-Петербург-Финляндский линейный отдел МВД России на транспорте									